,email_ids
0,19617796b56c4ae5
1,196170b910f9d7c0
2,196170b910f9d7c0
3,196170b910f9d7c0
4,196170b910f9d7c0
5,196169da5ebb9372
6,196162ca093e5b2f
7,19615c1f626d198c
8,196139c661e89ba6
9,196125374967f330
10,196125374967f330
11,196125374967f330
12,19611e538b26f3e7
13,19611e538b26f3e7
14,19611e538b26f3e7
15,19611e538b26f3e7
16,19611e538b26f3e7
17,196110aa4daf8952
18,196109b5bf507154
19,1960ee3de1d44c08
20,1960e760341c18ce
21,1960b7517068a1bc
22,1960b51ee279c550
23,196094fa6507b650
24,1960874083dc8ea6
25,1960874083dc8ea6
26,196072a753de3ecd
27,196064eac0aec1f5
28,196062d478e17cde
29,19604294a7a6a470
30,19602fbaeea594f1
31,19602dfdb1e8a4e7
32,19602720e4e0e74b
33,19602720e4e0e74b
34,19602720e4e0e74b
35,19602720e4e0e74b
36,19602720e4e0e74b
37,19601e897ee1c189
38,19601965e5d3b041
39,1960128b5c69acc2
40,19601063dc16baf2
41,195ff033476bc5af
42,19630ba04088bc6d
43,1962f818f582dd18
44,1962dca057a3dec7
45,1962d5c9a2b825d3
46,1962c8139a23956a
47,1962c8139a23956a
48,1962ac6ce58b67fd
49,1962a5b8319afc9d
50,1962835cc93c9581
51,19626ec6101098fa
52,19626ec6101098fa
53,19626ec6101098fa
54,19626ec6101098fa
55,19626ec6101098fa
56,196267e7c00eac0d
57,196267e7c00eac0d
58,196267e7c00eac0d
59,196267e7c00eac0d
60,1962624438bddca4
61,1962579cf6251e7a
62,19625366323f1856
63,196237d752addc32
64,196230fa357ddae3
65,1962158325ba2b26
66,1962158325ba2b26
67,1962158325ba2b26
68,19620eabf38563c3
69,19620eabf38563c3
70,19620eabf38563c3
71,19620eabf38563c3
72,19620dd8da6e9030
73,19620dd890804be2
74,19620d66a955ad09
75,196207cc3f63793a
76,196207b76cf7b3f6
77,196200e7292a9abb
78,1961de91ce747a9f
79,1961d0d7e7f5663a
80,1961d0d7e7f5663a
81,1961c81f68fb8776
82,1961c33716c633f2
83,1961c33716c633f2
84,1961c33716c633f2
85,1961c33716c633f2
86,1961c33716c633f2
87,1961bccc89a00259
88,1961bc3ee11778c9
89,1961bc3ee11778c9
90,1961bc3ee11778c9
91,1961bc3ee11778c9
92,1961bc3ee11778c9
93,1961b5696cf83554
94,1961af119cbdb240
95,1961ae86b390ec9e
96,19618c2e73ec1e86
97,1964a8b6751a9002
98,1964a8b6751a9002
99,1964a8b6751a9002
100,1964a8b6751a9002
101,19649af6be6ea22f
102,1964941921cfb26e
103,19648d38bac80c74
104,19648d38bac80c74
105,196471c07bf8f4c0
106,1964581dcdae5e78
107,19644878c2886bba
108,196441b192250122
109,19641f5a643ed3ee
110,1964066840e80c78
111,196403e748dcfaa2
112,196403e748dcfaa2
113,196403e748dcfaa2
114,196403e748dcfaa2
115,196403e748dcfaa2
116,1963ef5064632a3d
117,1963d3d299e1222d
118,1963ccf4a3d62e21
119,1963aaa1a854037b
120,1963a3e254f76efc
121,1963a3c2542107af
122,19639f7130b70700
123,19639ce46b7b1bdc
124,19637a8e4a8c3a97
125,196371102ac64f39
126,19636cd5406ba021
127,196365f7df77ec2c
128,196365f7df77ec2c
129,196365f7df77ec2c
130,196365f7df77ec2c
131,196365f7df77ec2c
132,19636544b458dce3
133,19635f1ac6f16d03
134,19635f1ac6f16d03
135,19635f1ac6f16d03
136,19635f1ac6f16d03
137,196359050fc09b70
138,196358efbc169ba1
139,19634a7ede434962
140,1963282b3d8fca1e
141,196644b0664d8253
142,196644b0664d8253
143,196644b0664d8253
144,196644b0664d8253
145,196644b0664d8253
146,19663019c10df6bd
147,1965f24fc81e6ea8
148,1965f24fc81e6ea8
149,1965f24fc81e6ea8
150,1965f24fc81e6ea8
151,1965eb6ad7738292
152,1965e48ca3587aa2
153,1965e4496982cfd0
154,1965ddb1315284f1
155,1965a6bff811b04f
156,1965a6bff811b04f
157,1965a6bff811b04f
158,1965a6bff811b04f
159,1965a6bff811b04f
160,19659ff61b4202c3
161,19659ff61b4202c3
162,19659ff61b4202c3
163,19658b46e2fcad14
164,196568f13da1a42c
165,196538e09a3eff97
166,1965168b035efb95
167,196508d0a05e3e83
168,1964ed5d3a21ed58
169,1964ed314c50e909
170,1964e9f7fe58bc23
171,1964e67db659be44
172,1964c425f98808be
173,1967e787a5a109cf
174,1967e787a5a109cf
175,1967e787a5a109cf
176,1967e787a5a109cf
177,1967e0ac23a10800
178,1967e0ac23a10800
179,1967e0ac23a10800
180,1967e0ac23a10800
181,1967d2ef7745fff7
182,1967cc1251c01831
183,1967c531778cb12e
184,1967c531778cb12e
185,1967c531778cb12e
186,1967b77497902ed3
187,1967b2f7a7a775b2
188,196780865025f989
189,196779a8bbe32e76
190,196760aac25f2960
191,19672e208a22b903
192,19672dd31e9e5603
193,19672755f007f0fc
194,19670e047fe917a5
195,19670441d46d0405
196,1966f055c4dc722f
197,1966f055c4dc722f
198,1966f055c4dc722f
199,1966f055c4dc722f
200,1966f055c4dc722f
201,1966e97919983cc8
202,1966dd5842f5643b
203,1966ce052b5e31bd
204,1966ce052b5e31bd
205,1966ce052b5e31bd
206,1966a343096c4fda
207,19669df08b593bfb
208,19669df08b593bfb
209,19668f748b8b500f
210,196689fa4668059b
211,196687b7a50ecaa6
212,1966828becdee618
213,19666022ae3c751d
214,196975c70df253df
215,19696eee08c1e63f
216,19696eaee601ac57
217,19696b5ff329984e
218,19696b5ef0187b92
219,19696810909e2f5a
220,1969311c794d8471
221,1969311c794d8471
222,1969311c794d8471
223,1969311c794d8471
224,19692a3e7ef6e196
225,1969237554909006
226,19691c91676b9ab8
227,19691c83b3ce7ed9
228,196919f67099dfd3
229,196915ae099a4e59
230,1968fa34172144a0
231,1968ca1e34d2d4ca
232,1968c9e144a716c7
233,1968c3469ecbf681
234,1968aa3431bf6a8e
235,1968a0f0a4f986a5
236,1968a0f0a4f986a5
237,196885a68c2bf8e8
238,1968857b3aefb56a
239,1968857b3aefb56a
240,1968857b3aefb56a
241,1968857b3aefb56a
242,19687f27f76e0cb0
243,196877c37a28c7a4
244,196870dc72a845b0
245,19686a01f693572f
246,196857b1ae6fb6b6
247,19684ed47e9b4757
248,19684e70544ea4ad
249,19684e43f6f66d33
250,19684dc30c9cdc23
251,19684daaa112848f
252,196833159570168c
253,196833159570168c
254,196833159570168c
255,19682c32f4f6f140
256,196825cc713c5c6e
257,196825578d547df1
258,19681e77edd00f59
259,1968056c14827b89
260,1967f5425c71c8cb
261,196b18aa2ba7a505
262,196b18aa2ba7a505
263,196b11c3e7dcee5b
264,196b0bdaadd15a4e
265,196b0ae8768d80a5
266,196b040f613b1136
267,196ac64310245a47
268,196ac64310245a47
269,196ac64310245a47
270,196ac64310245a47
271,196ac0b3ddd91885
272,196abed7d6e9db78
273,196ab8b5cc68d049
274,196ab88a4107beda
275,196ab4f573ed879d
276,196ab42f52984346
277,196ab1a321b726b9
278,196aa365a9d608f6
279,196a7ab36f302107
280,196a73de7eec929b
281,196a73d71f006b97
282,196a73d71f006b97
283,196a689b8a490125
284,196a663e01c56acf
285,196a65c229235dbb
286,196a5f40b0aeae6c
287,196a2e0d9ea72abb
288,196a2da965b5d796
289,196a2da965b5d796
290,196a2da965b5d796
291,196a2da965b5d796
292,196a2850972da79d
293,196a2850972da79d
294,196a2850972da79d
295,196a2850972da79d
296,196a2173a8bf3932
297,196a1e2ce236d1dc
298,196a1a93c3bf9f31
299,196a13b49617f390
300,196a1035716cdd70
301,196a0ceeaefe7005
302,1969e09e2b1c8697
303,1969c15d558592cb
304,1969c06a52f47636
305,1969ba837ba21fcd
306,196cbb865b401af4
307,196cb4a41e9323d2
308,196cb4a41e9323d2
309,196cb4a41e9323d2
310,196ca943f2122e52
311,196ca765a9403fed
312,196ca750c9f61dee
313,196ca6e30ec504c2
314,196ca0087959189d
315,196c691b588ea449
316,196c691b588ea449
317,196c691b588ea449
318,196c691b588ea449
319,196c623aa8d13b9f
320,196c623aa8d13b9f
321,196c623aa8d13b9f
322,196c547d2cf6b1d1
323,196c5087ee4dec42
324,196c4da5f1d9c896
325,196c46cf5606f607
326,196c085b7fa746d1
327,196c022ca5d2dc7c
328,196bfb3e1347f5dc
329,196bb5dcaa09bfe8
330,196bafb3af4da595
331,196bafa37415bc62
332,196ba8d5ff6692dc
333,196b6b12cf1491d6
334,196b6b12cf1491d6
335,196b6b12cf1491d6
336,196b6b12cf1491d6
337,196b6b12cf1491d6
338,196b694dce56b87f
339,196b68d7501a71dc
340,196b67aea667eab9
341,196b5d4d8d2f828d
342,196b5d1a0f11e62f
343,196b5986031782a9
344,196b5671d6cb48ab
345,196e509ad76e607f
346,196e4df0da05feaf
347,196e4df0da05feaf
348,196e4ce22e742780
349,196e4ce22e742780
350,196e4cdf4a5506ce
351,196e49e8932b18e4
352,196e42e4fb94cba6
353,196e42dead8e5dbb
354,196e3c0444483726
355,196dfe34e915cef8
356,196dfe34e915cef8
357,196df07edb714cf1
358,196df07ab8e70093
359,196de99be07c47f9
360,196dcab0742176c7
361,196dca204c92ad64
362,196dabd310430faa
363,196dabd310430faa
364,196dabd310430faa
365,196dabd310430faa
366,196dabd310430faa
367,196da4f636a49192
368,196da28cd657c1f9
369,196da2844d5be1c6
370,196da074d4eef50c
371,196d9e1f92bdb005
372,196d9e14ed2a0bfb
373,196d99dec11af4e6
374,196d973fe2b2184e
375,196d72be7a26d397
376,196d672744ffc291
377,196d5942ad000817
378,196d545b910daba8
379,196d4e0f7d65119a
380,196d4bb2bb0d45ea
381,196d4b6d81159210
382,196d44d3783bc209
383,196d437e843e4825
384,196d23c7f88a9a3f
385,196d0de8cb46a1a0
386,196d0de8cb46a1a0
387,196d0de8cb46a1a0
388,196d0de8cb46a1a0
389,196d0de8cb46a1a0
390,196d076cc5caf560
391,196d0703a8b0d7f9
392,196cfba99a2f2912
393,196cf950df891d68
394,196cf5399bc68c11
395,196cf3a9d63a7046
396,196cf26e1972c8e2
397,196cf075e0291262
398,196ceda84fe892f2
399,196cc937e13efb9f
400,196ff13436629419
401,196fec99213972a4
402,196fec99213972a4
403,196fec99213972a4
404,196fec99213972a4
405,196fdf0e51a9d1aa
406,196fdee37ca31a4d
407,196fd80386f058d3
408,196fd2377c44cf39
409,196fca46ef8987cb
410,196fb5aa50d6c36d
411,196faecbac054f6a
412,196f9b76dfa85767
413,196f8c77115ef7c3
414,196f8c5dd7442605
415,196f88d7dc51fc2b
416,196f85c4129a8c7c
417,196f64f2356292b0
418,196f558d13367eb8
419,196f4eab621ee471
420,196f4eab621ee471
421,196f4eab621ee471
422,196f4eab621ee471
423,196f47fc75b3c0cd
424,196f47fc75b3c0cd
425,196f47fc75b3c0cd
426,196f47fc75b3c0cd
427,196f47fc75b3c0cd
428,196f47fc75b3c0cd
429,196f47fc75b3c0cd
430,196f41152eb7eecb
431,196f3a162d3d5225
432,196f38731df72a6b
433,196f369c46740722
434,196f333df50247b1
435,196f1e9e7e6722ed
436,196f131196ad4849
437,196f131196ad4849
438,196f10e2182dbc26
439,196f079eb916819d
440,196f079eb916819d
441,196f079eb916819d
442,196f079eb916819d
443,196efc462c67ca4c
444,196ef5688b40df89
445,196ef5688b40df89
446,196ef5688b40df89
447,196eee8918c9da20
448,196ee7b0f5bca009
449,196ee79de5ba30b2
450,196ee3d088b3bb2e
451,196ee3d088b3bb2e
452,196ee3d088b3bb2e
453,196ee3d088b3bb2e
454,196ee0ceca9b9f3b
455,196ed66c5e4d496c
456,196eb79adb90d528
457,196ea9e648c6a96f
458,196ea9e648c6a96f
459,196ea9e648c6a96f
460,196ea9e648c6a96f
461,196ea6140f77b31e
462,196ea30cb1551628
463,196ea3010d93d93c
464,196ea3010d93d93c
465,196ea3010d93d93c
466,196e954a7e53b188
467,196e8e688ba796ff
468,196e6ae6155b026a
469,196e6ae6155b026a
470,196e6ae6155b026a
471,196e6ae6155b026a
472,196e6a524cbfb155
473,19718e64a35081c9
474,19718d3fa04e06d2
475,197189ca45778642
476,19717ae528ab515f
477,19717a0804109fb4
478,1971766b75204cd6
479,197173fb7a81864a
480,19713d0c9d55ad03
481,19713d0c9d55ad03
482,19713637fac1db9b
483,19713637fac1db9b
484,19713637fac1db9b
485,19712f58afb8294f
486,19712f58afb8294f
487,19712f58afb8294f
488,19712f58afb8294f
489,19712f58afb8294f
490,19712f58afb8294f
491,197128a9129204a4
492,1971287396761ef8
493,19712294de3d774a
494,1971219bebe66138
495,197118c775e4651c
496,1970f780c48001bf
497,1970f185470d04bc
498,1970e3ca336c1afd
499,1970e3ca336c1afd
500,1970e3ca336c1afd
501,1970e3ca336c1afd
502,1970e3ca336c1afd
503,1970d610d95c457f
504,1970cf35438c40d7
505,1970aec4221aaaff
506,1970ab0dc677d71e
507,19708a8d650cc03b
508,197083adad1d0b97
509,19708345a0794226
510,19707cce90f6bef4
511,19706835f6421fae
512,19703820a5e83113
513,1970314527eeeafe
514,19702a674f9d5523
515,19732b7397c229be
516,19732b7397c229be
517,19732b7397c229be
518,1973292d6bdebb71
519,1973249dc91a8e9b
520,1973249dc91a8e9b
521,1973249dc91a8e9b
522,197316e64b0d8334
523,19730ffa6c12cc08
524,1972ebe16d673b0d
525,1972d916f7f26fec
526,1972d916f7f26fec
527,1972d22c54d8e131
528,1972cb56d8e186cc
529,1972c47072b31001
530,1972bd926ab54ff1
531,197278ebf7b2b36f
532,1972721b6c5650df
533,19726b2efec7b901
534,197248d9b5c662ad
535,19722e960717f9b9
536,19722d61687a58ed
537,19722d61687a58ed
538,19722d61687a58ed
539,19722d61687a58ed
540,19722d61687a58ed
541,1972268bc6bf6b07
542,19721fabdea6819b
543,19721f77c921d13d
544,197218d661fb6c2e
545,1972105a4e3e9e2e
546,1972105a4e3e9e2e
547,1972105a4e3e9e2e
548,1971f6772fc0658c
549,1971f6772fc0658c
550,1971f6772fc0658c
551,1971f6772fc0658c
552,1971ef9c3f0e9af1
553,1971ef9c3f0e9af1
554,1971ef9c3f0e9af1
555,1971ef9c3f0e9af1
556,1971e8b5c1053ce5
557,1971e8b5c1053ce5
558,1971e8b5c1053ce5
559,1971e8b5c1053ce5
560,1971e8b5c1053ce5
561,1971e8b5c1053ce5
562,1971e1dba108e8d9
563,1971dc48c8b3a05a
564,1971dc48c8b3a05a
565,1971db02d33ce671
566,1971cd8bd8d09bb6
567,1971a5adba920dfe
568,1974c547411b2eed
569,1974b9be58eebd37
570,1974b2d6701c7ba5
571,1974ac06098efe12
572,197482d97cb7a2f1
573,197482c13075cc2c
574,19747f6be1c800c3
575,19747be4afaa6801
576,19747be4afaa6801
577,19747953a10164f8
578,197476e11e870872
579,197471d586adc685
580,19746e384a9227c1
581,19746e384a9227c1
582,19746e384a9227c1
583,19746e384a9227c1
584,19746e384a9227c1
585,19746760bfd53779
586,1974642b4fdf4435
587,197460707022623e
588,1974602b0f395491
589,197459b23b30d958
590,19742c99f4ef18a3
591,19742c99f4ef18a3
592,1974209219cb716f
593,19741776d78a95ac
594,19740e08f364757e
595,19740d94eec02453
596,197407307e439c81
597,1973f5891c60eda1
598,1973daded6cadc92
599,1973dad6da6b6470
600,1973dabdbe87edf5
601,1973dab316ab42e8
602,1973c95ec498ea24
603,1973c95ec498ea24
604,1973c95ec498ea24
605,1973c95ec498ea24
606,1973c95ec498ea24
607,1973c95ec498ea24
608,1973c91b0ebd944c
609,1973c56889ab2044
610,1973c56889ab2044
611,1973c2af394c59c7
612,1973bba5d625094a
613,1973b5518ea4f2b0
614,19737702a45443ea
615,19737702a45443ea
616,19736be6979d473e
617,1973693e0197fd81
618,197368f0a78c172c
619,1973626284176156
620,1973606111285abc
621,1973606111285abc
622,19734d34f7976070
623,19733aed796d568c
624,19733ae3f2f332fb
625,19733256711f4d9d
626,19766368ec6028fc
627,19766368ec6028fc
628,19766368ec6028fc
629,19766145c308ba3f
630,19765c8aa310e043
631,1976564ea0928e4a
632,197655af0424ea75
633,19764efa010336ba
634,19764ed664e6fd33
635,19764ed664e6fd33
636,19764ed664e6fd33
637,197647fbdc3dcb25
638,1976448c1d9e2343
639,1976448c1d9e2343
640,19760b560adb8f92
641,19760a2edf7c6a69
642,19760a2edf7c6a69
643,19760a2edf7c6a69
644,19760a2edf7c6a69
645,19760a2edf7c6a69
646,1976096bcbc87752
647,197608eae76c8814
648,197603eac1725f72
649,1975fd3cec640df1
650,1975fcbf96d287e0
651,1975f6ca4f452005
652,1975cc5f743f316c
653,1975b7c637943a72
654,1975b7c637943a72
655,1975b7c637943a72
656,1975b0ff32859b90
657,1975aa819c3bc575
658,1975aa14d3e2e9f2
659,1975a33aca40602c
660,19758527a2afbf62
661,19758527a2afbf62
662,19756dd5a9f18234
663,19756c3a35ce2e75
664,19756c3a35ce2e75
665,19756c3a35ce2e75
666,19756c3a35ce2e75
667,19756c3a35ce2e75
668,19756c3a35ce2e75
669,19756c3a35ce2e75
670,1975669024224cef
671,1975656d37e744a5
672,1975656d37e744a5
673,1975656d37e744a5
674,1975579e2c85f8c9
675,197550c2f9e04995
676,19752ef9eed5771c
677,19752ef9eed5771c
678,19750c15e131ef32
679,19750537f9700e19
680,1974fe6d317b2009
681,1974fb0a48afb404
682,1974fb0a48afb404
683,1977fd40bb8364ff
684,1977ef4f890ce8a3
685,1977ef4f890ce8a3
686,1977eee3e7914c4e
687,1977eee3e7914c4e
688,1977ee7623a4b966
689,1977ee41486d69ec
690,1977eb1484b5f17c
691,1977eada481e7c41
692,1977ea8aba6b6a03
693,1977e3f250d78e57
694,1977b838ac7730b4
695,1977ad0117e54b99
696,1977ad0117e54b99
697,1977ad0117e54b99
698,1977ad0117e54b99
699,1977ad0117e54b99
700,1977a625814c469d
701,1977a625814c469d
702,1977a625814c469d
703,19779f4995408ed7
704,19779cbd17523889
705,1977986aa4ce851e
706,19779188d37539b8
707,19774600ae22b502
708,19773f32739d58a1
709,19773bf55b26f220
710,19773bf55b26f220
711,1977028d7413b1ff
712,1976fa81f2e129e9
713,1976f3a085985538
714,1976ece33786fa38
715,1976c9ee3e13ef13
716,1976aef2c209445a
717,1976aef2c209445a
718,1976aef2c209445a
719,1976aef2c209445a
720,1976aef2c209445a
721,1976a81db3a9e0a2
722,1976a1c44f821f86
723,1976a1369a243ebd
724,19769a68449d9061
725,19799dcb50269314
726,1979993cdd053f9b
727,19798daac5e8560d
728,197986cca192f869
729,19797ffbee5d85e6
730,197956b509cdaaf1
731,197948fd34ba92a3
732,197948fd34ba92a3
733,1979421dec8f9037
734,19793b49ecea95ab
735,19793469062e7cb1
736,19793405943bf6ed
737,19792d85c6845e59
738,197914ad21c2ec07
739,197914ad21c2ec07
740,1979040430252d4b
741,1978f6988a3b8ca1
742,1978f6988a3b8ca1
743,1978f6988a3b8ca1
744,1978f6988a3b8ca1
745,1978efb9cd9d22df
746,1978e8ef4fe140b0
747,1978e2706c70fcf8
748,1978e20298c847b7
749,1978db2bd4bfe52a
750,1978db2bd4bfe52a
751,1978db2bd4bfe52a
752,1978db2bd4bfe52a
753,1978b14a88497cf0
754,1978aa9da36f1255
755,19789f2e4692e668
756,19789793231d976f
757,197892b18ca38a76
758,19788f97765342fb
759,19788f1c23ed1429
760,197888c8ad309a90
761,19785e7a54ca8ca5
762,19784f3b841def23
763,19784af5864d8f86
764,19784af5864d8f86
765,19784af5864d8f86
766,19784af5864d8f86
767,19784af5864d8f86
768,19784425a3cb6ba5
769,19783deb01cd1b0e
770,19783d36de658400
771,1978367e1d2fa9c2
772,1978109476fa6c8b
773,19780d231a358b60
774,19780d231a358b60
775,19780bcc20bed353
776,197b37623d768162
777,197b37623d768162
778,197b37623d768162
779,197b37623d768162
780,197b37623d768162
781,197b3086c6388d62
782,197b2a5e420dd23f
783,197b29a91a0b8206
784,197b29a91a0b8206
785,197b29a91a0b8206
786,197b29a91a0b8206
787,197b22e57c2f4d2b
788,197b22c60d0d995c
789,197b1bf44b7c21d7
790,197ad66244f4356e
791,197ad3113246d9f7
792,197ad06873a3a0f8
793,197ac9ad8d385987
794,197abbd10afb4914
795,197abbd10afb4914
796,197abbd10afb4914
797,197a8bb721cdaa7b
798,197a8bb721cdaa7b
799,197a8bb721cdaa7b
800,197a8bb721cdaa7b
801,197a8bb721cdaa7b
802,197a8bb721cdaa7b
803,197a84fa9962dc43
804,197a84fa9962dc43
805,197a84fa9962dc43
806,197a81747cc3b260
807,197a816a2cc4dd80
808,197a7e070aee98f0
809,197a773830ac6348
810,197a7446ddd51b7c
811,197a7446ddd51b7c
812,197a4cdca38a5415
813,197a402f20b44234
814,197a394f27e9ee44
815,197a394f27e9ee44
816,197a394f27e9ee44
817,197a3278a69dd567
818,197a2e6ea40e108e
819,197a2b97c87ab44b
820,197a2af68f65faf1
821,197a24b9273e8444
822,197a247fdb8be7e3
823,197a1dfe98168bfc
824,1979f31d0d56b42f
825,1979f31d0d56b42f
826,1979f31d0d56b42f
827,1979edc949b54f32
828,1979edc949b54f32
829,1979edc949b54f32
830,1979edc949b54f32
831,1979d94e56d14920
832,1979d27dc05c4cf7
833,1979b5bd1617a36e
834,1979a955d28ba583
835,1979a91d1e06eff5
836,197cd35d14b7a116
837,197cd35d14b7a116
838,197cd35d14b7a116
839,197cd35d14b7a116
840,197cd35d14b7a116
841,197cd1a1dfb5cd58
842,197ccc7da6d67141
843,197cca54c26645e6
844,197cc5ad66bce39a
845,197cc34b88296edb
846,197cc3202557bc60
847,197cc1765123bba6
848,197cc06eb671ccd4
849,197cbf3a8b269bb8
850,197cbf3a8b269bb8
851,197cbf3a8b269bb8
852,197cbf3a8b269bb8
853,197cbed20b6b81df
854,197cbdf2528670cf
855,197cbd82ef228309
856,197cbd82ef228309
857,197cbd82ef228309
858,197cbc6d65906577
859,197cb7fd05c70faf
860,197c7345e68cfbf8
861,197c6c6165759555
862,197c6bec4473ca13
863,197c6969950d72ae
864,197c69697e2ca9fe
865,197c693dad829fb9
866,197c658d8fb658e2
867,197c4580df2e1ee6
868,197c33e8329a12e1
869,197c33e8329a12e1
870,197c33e8329a12e1
871,197c2e9331c1bdb0
872,197c2b68727da6e4
873,197c2b68727da6e4
874,197c297b4b84ab11
875,197c27b4dcc28f96
876,197c27b4dcc28f96
877,197c27b4dcc28f96
878,197c27b4dcc28f96
879,197c25f6b4850e38
880,197c20d8b3ed3266
881,197c1bbf71c18051
882,197c1b2ebe72ede9
883,197c1b2ebe72ede9
884,197c1b2ebe72ede9
885,197c1a13b8539c32
886,197c13335edcadca
887,197c1322bc3be555
888,197c0c405e9f26ae
889,197c0c405e9f26ae
890,197c0c405e9f26ae
891,197c0c405e9f26ae
892,197bf0c9c7568fe2
893,197be9e80f0a4433
894,197be9e80f0a4433
895,197bd46d933e57aa
896,197bce6e8950d7ef
897,197bca581538f010
898,197bc792f0d201fb
899,197bc7455accf30d
900,197bc0d2f58640b7
901,197bac19969f5844
902,197b7531d9010527
903,197b74b168aaf7fc
904,197b6e597449a554
905,197e6c6dae746a1e
906,197e6c20c0a3122c
907,197e68c59c846a48
908,197e68c59c846a48
909,197e68c59c846a48
910,197e68c59c846a48
911,197e6160c0399c7b
912,197e5b125dda32cc
913,197e5b125dda32cc
914,197e5b125dda32cc
915,197e5b125dda32cc
916,197e5ad31b9cadf9
917,197e5a9976a859ee
918,197e53e854dd5077
919,197e5168719b2418
920,197e5168719b2418
921,197e4c45b2f40a27
922,197e4c45b2f40a27
923,197e323921f9d00a
924,197e086ca78ab79d
925,197e085c85ccda9c
926,197e017c1478e5ee
927,197db5f9a560d45d
928,197daf1b81d20877
929,197da774e21e5bb2
930,197da774e21e5bb2
931,197da774e21e5bb2
932,197d78285ebf997d
933,197d714f43f38ca8
934,197d714f43f38ca8
935,197d714f43f38ca8
936,197d714f43f38ca8
937,197d63a4e29b7d48
938,197d5cb9c9fe36f8
939,197d59ec2230129a
940,197d55dbeb13c13f
941,197d55dbeb13c13f
942,197d25c3b44fe16e
943,197d20de9f046e7c
944,197d1ee5034015ea
945,197d180917ef24b1
946,197d14c7940cc001
947,197d112b241e8261
948,197d10d3f53f618a
949,197d0a4df6ec6947
950,197d030de0448b97
951,197d030de0448b97
952,197d030de0448b97
953,197cf4d475829612
954,197cf4d475829612
955,197cf4d475829612
956,197ffdac1b5dcd1e
957,197ff70d7fb75b2a
958,197ff6c7244dcfb1
959,197feff8c9c3bf58
960,197fd6d8d35a84ee
961,197fb21366bdf38e
962,197fb21366bdf38e
963,197fb21366bdf38e
964,197fb21366bdf38e
965,197fab411bd92e92
966,197fa4a250efea35
967,197fa45ef38b6d18
968,197f9d85529c89ae
969,197f68ce0c2ae238
970,197f5fae0f4e0341
971,197f58d118f8171a
972,197f573bb56efc28
973,197f5419fcf86323
974,197f5419a1871de4
975,197f51f367c551a1
976,197f517267f6fd32
977,197f4b196c1d2f36
978,197f14255fb22a71
979,197f0e280ee381bd
980,197f0d4935962716
981,197f0d4935962716
982,197f0d4935962716
983,197f0d4935962716
984,197f0d4935962716
985,197f0805b2c4a60d
986,197f07e8b70f96e5
987,197f066c4d4f75b6
988,197f0058a15990ba
989,197f0058a15990ba
990,197f0058a15990ba
991,197f003dcafb6225
992,197f000f330ff9d2
993,197effc403bb8455
994,197eff9a3be23d40
995,197eff8419cdd256
996,197efebc561765d0
997,197ef8bf3649031e
998,197ef102f1505447
999,197ef102f1505447
1000,197ef102f1505447
1001,197ec7fbdf389d52
1002,197ec7fbdf389d52
1003,197ec350ddc0b235
1004,197eb92114ac75a4
1005,197eb4058eecbf42
1006,197eb4058eecbf42
1007,197eb4058eecbf42
1008,197eafcfcd568345
1009,197ead4743b6722f
1010,197ead4743b6722f
1011,197ead4743b6722f
1012,197ead2f4f7349b7
1013,197ead2c6c0c4fc7
1014,197ea6469bdae64f
1015,198199a8dd389073
1016,198192bcc887eda6
1017,1981921043ea3129
1018,19819206f0297092
1019,19818c0444c9e74d
1020,19818b8723e0939a
1021,19818b8723e0939a
1022,19818b8723e0939a
1023,19817186b7574346
1024,19817186b7574346
1025,1981666a8aff6275
1026,1981666a8aff6275
1027,1981666a8aff6275
1028,1981666a8aff6275
1029,1981666a8aff6275
1030,1981531be1f22473
1031,198149e3e50bee03
1032,19814735ca7593d0
1033,198146b37cedbd82
1034,198146b1e9ecea64
1035,198146aa29bd3186
1036,198146aa29bd3186
1037,198144ad76f777d0
1038,198144ad76f777d0
1039,19814497dd592e27
1040,198140e46a32d08c
1041,198140686d2337a4
1042,19813f854c9d0124
1043,19813989ca5cd6b7
1044,19811f205331b919
1045,19811f205331b919
1046,19810965d1ec673d
1047,1980ef8daf56bd56
1048,1980edf1852c32f9
1049,1980e7161fd2c91e
1050,1980dfe99d4fd06c
1051,1980b575de1b5c7a
1052,1980b575de1b5c7a
1053,1980b575de1b5c7a
1054,1980b0237c2dfd26
1055,1980a94afb548749
1056,1980a94afb548749
1057,1980a94afb548749
1058,1980a94afb548749
1059,1980a6a938c1d6c1
1060,19809cb1ea1b6aff
1061,19809cb1ea1b6aff
1062,19809cb1ea1b6aff
1063,19809cb1ea1b6aff
1064,19809b881fc9bf6e
1065,19809b454ad0f55f
1066,198099cfad11172f
1067,198094ccfbb5807f
1068,198056dc44b2365a
1069,198055fb24a56676
1070,1980500d0946f748
1071,19804936247a435c
1072,1980492759f57a78
1073,1980426a6fd02bb7
1074,19833595812af3dd
1075,19833595812af3dd
1076,19833595812af3dd
1077,1983303124651693
1078,1983303124651693
1079,19832eb89008025e
1080,19832e7703fa49f0
1081,1983281bf70e3b30
1082,198318d77dc2b42e
1083,198318d77dc2b42e
1084,198318d77dc2b42e
1085,1982f0e8a9fc01c2
1086,1982f0e8a9fc01c2
1087,1982f0e8a9fc01c2
1088,1982edfd6223f2c3
1089,1982edfd6223f2c3
1090,1982ec54ffd77e3b
1091,1982ec54ffd77e3b
1092,1982ea0b3318d6ef
1093,1982ea0b3318d6ef
1094,1982ea0b3318d6ef
1095,1982ea0b3318d6ef
1096,1982e32d9a89634e
1097,1982dca8e3c68a22
1098,1982dc51eb125a7e
1099,1982d573451f2798
1100,1982d331ffc32bbc
1101,1982d331ffc32bbc
1102,1982d331ffc32bbc
1103,19828a0f77cdf5d0
1104,198289eaa25adb51
1105,1982831e279428ad
1106,19823e61f1c57be4
1107,19823b12f9e0cfc7
1108,19823a65c654dd6b
1109,19823a4e9a8e01c8
1110,19823a30ec633055
1111,19823a308de1e0ab
1112,198238de9fdd1f8e
1113,198238d50092b540
1114,198238bdb463d465
1115,198238bbfb9bd76f
1116,198238aff257d7b3
1117,1982380250927de0
1118,198238014cba1aee
1119,198237f97b862c3a
1120,198237859db38a9d
1121,19823715745e168c
1122,198230bc35d96ab6
1123,19822df7c8066275
1124,19822b09b292adde
1125,19822b09b292adde
1126,19822b09b292adde
1127,19822b09b292adde
1128,1982091702d6a4b1
1129,1981f2dede7e44f7
1130,1981f2dede7e44f7
1131,1981f2dede7e44f7
1132,1981f2dede7e44f7
1133,1981f2dede7e44f7
1134,1981f2dede7e44f7
1135,1981ec006b854dc3
1136,1981e548faa6c536
1137,1981e51fa3d83520
1138,1981e4509ff1d0d4
1139,1981de5bd077a927
1140,1981de3a39e6f59f
1141,1981de3a39e6f59f
1142,1981de3a39e6f59f
1143,1981c3ec8a38b1e2
1144,1981c3ec8a38b1e2
1145,1981c2ca5a4087a3
1146,1981b96350d7a51c
1147,1984df4a9eefa452
1148,1984d86cbd85abb2
1149,1984d78bf6d201f2
1150,1984d18f722ea333
1151,1984cac5c6d5fbec
1152,1984ca55194bbb2d
1153,1984c3facf507e88
1154,1984b61c6f7981f6
1155,19847f30132138cb
1156,198479cc2872d474
1157,198479cc2872d474
1158,1984785f3a34307a
1159,19847853cbebb834
1160,1984718a89bd3a6a
1161,198433a18f37eefc
1162,198433a18f37eefc
1163,198433a18f37eefc
1164,198433a18f37eefc
1165,198433a18f37eefc
1166,19842a12fe0ce0e0
1167,198425ef8122c443
1168,19842569f0d9227d
1169,198424383e166a35
1170,19841f6d31bbbd27
1171,19841f0b116c8c5c
1172,19841b93b78f8b89
1173,19841b93b78f8b89
1174,19841b93b78f8b89
1175,19841b93b78f8b89
1176,19841b93b78f8b89
1177,19841b93b78f8b89
1178,198418514c217b48
1179,1983ddbea14f90c5
1180,1983ddbea14f90c5
1181,1983dd7905b72b14
1182,1983da9d5636dd75
1183,1983da1efa5725d2
1184,1983d687a1413dec
1185,1983d3c270f8b429
1186,1983d3818f7e28ef
1187,1983d30eaab0ced7
1188,1983d306d60363af
1189,1983ccb0641c06c0
1190,1983c9c203e38f9f
1191,19839b1928b5fa7b
1192,19839b1928b5fa7b
1193,19839b1928b5fa7b
1194,19839b1928b5fa7b
1195,19839b1928b5fa7b
1196,198395b8b7e4067b
1197,198393a733710358
1198,19838edf8b4e3dcc
1199,1983880322c8ce6d
1200,1983821b1e584042
1201,1983818868ab4789
1202,1983818868ab4789
1203,1983818868ab4789
1204,19838120c72610ca
1205,1983805a57faf62a
1206,19837a404094d607
1207,19867b481aceffd7
1208,19867b481aceffd7
1209,19867b481aceffd7
1210,19867b481aceffd7
1211,19867b481aceffd7
1212,19867474208be7e6
1213,19866d9257560d7e
1214,19866c75049b6822
1215,198667b95224c376
1216,198666c518b0a185
1217,19865fdd9af4d990
1218,19863d7b4b88b0d2
1219,1986369ff93cd652
1220,198628e5590198d6
1221,198628e4e1370d58
1222,198624cd04b7eeba
1223,1986235e2f931cbf
1224,19862204e34157ba
1225,19862204e34157ba
1226,19862204e34157ba
1227,19862204e34157ba
1228,19862204e34157ba
1229,19861f21761ebd91
1230,19861f21761ebd91
1231,19861eff3f8fcf17
1232,19861e014129bd01
1233,19861b3001639df2
1234,198617f22155f454
1235,198617f22155f454
1236,198617f22155f454
1237,1986144c74487709
1238,198614350f8d50ea
1239,198613cf8b927e6d
1240,19860fa483e2853e
1241,19860d711918e980
1242,19860c2f0387c728
1243,1985edf956a9a14e
1244,1985dd59e1b8aadf
1245,1985d67e45aec790
1246,1985d65c0e1a30c0
1247,1985d291253f2508
1248,1985cfa01e05e570
1249,1985cfa01e05e570
1250,1985cfa01e05e570
1251,1985cfa01e05e570
1252,1985cfa01e05e570
1253,1985cc48013c8461
1254,1985c8f0bc84f397
1255,1985c8f0bc84f397
1256,1985c8f0bc84f397
1257,1985c8f0bc84f397
1258,1985c235642d96a0
1259,1985c235642d96a0
1260,1985c1f9a134fa1d
1261,1985c13e8b55167b
1262,1985bb644b448896
1263,198591c7cbc7722a
1264,198591aea7540604
1265,198591948c13c47a
1266,198579053f7ea1db
1267,198578f895793e88
1268,198577b8c8b08c0d
1269,198577b2c47c2a8d
1270,19856f878431e26a
1271,19856f6160133fc0
1272,19856ac15481c9ed
1273,198568cbe1ba989f
1274,19854259132001e3
1275,19854259132001e3
1276,19854259132001e3
1277,19854243b4347f35
1278,1985370d21913f3d
1279,198536e8516f931f
1280,198536bc87e904ce
1281,198531b3de15d2eb
1282,198531b3de15d2eb
1283,198531b3de15d2eb
1284,19852e0ab9b7898f
1285,19852ad99ed3d5c5
1286,19852ad99ed3d5c5
1287,19852ad99ed3d5c5
1288,19852ad99ed3d5c5
1289,19852981b82cacf3
1290,19852981b82cacf3
1291,1985222902a35275
1292,1985222902a35275
1293,19851e10493d8b45
1294,19851e068f4d55c4
1295,19851de1abdbe2fe
1296,19851de1abdbe2fe
1297,19851de1abdbe2fe
1298,19851d281547d2dc
1299,19851c6599946a87
1300,1985164827284833
1301,1984e5e55a2ca93e
1302,1984e5e55a2ca93e
1303,1984e5e55a2ca93e
1304,1984e5e55a2ca93e
1305,1984e5e55a2ca93e
1306,198812e77c32d9eb
1307,1988106f72d1a68c
1308,1988106f72d1a68c
1309,1988106f72d1a68c
1310,1988106f72d1a68c
1311,1988106f72d1a68c
1312,19880c91969df85f
1313,198809a2dcb316ce
1314,1988080be820237b
1315,19880771b0bd3064
1316,19880771b0bd3064
1317,198807438b78c3d2
1318,1988048941e74fd1
1319,19880413e23e1c89
1320,198803ff29dd584c
1321,19880371c2f014f2
1322,198802ba1ad6cc09
1323,1988027f206cdada
1324,1988020b6033db1b
1325,198801cde2b4e167
1326,1987fbde12ef0278
1327,1987be03e0687398
1328,1987b72590b3d8ce
1329,1987b2d343f4423b
1330,1987b1c4a6bee19f
1331,1987b046d89e6d7a
1332,1987a9793da629dc
1333,1987727d6f835ca5
1334,1987727d6f835ca5
1335,1987727d6f835ca5
1336,19876b9f3ef2a1d4
1337,19876b9f3ef2a1d4
1338,19876b9f3ef2a1d4
1339,19876b9f3ef2a1d4
1340,19876b9f3ef2a1d4
1341,19875e3362938fef
1342,19875de3e95140ef
1343,1987584e9c335e24
1344,1987582fd2893815
1345,198757f463f365d1
1346,198757bb37f063dc
1347,198757a48dfe592b
1348,1987573d5b0ae174
1349,1987570732540e03
1350,1987349fe318ffc6
1351,1987348287b3b882
1352,19873424f12d6484
1353,198733ed3071d5fa
1354,198733bf7ddf5fd1
1355,198732ff6d953cf2
1356,19873096faf0f896
1357,1987306192d431c4
1358,1987193523870426
1359,1987125ba026989e
1360,19870b7c5f31b5f1
1361,19870af6552d3829
1362,198704a38647b9a1
1363,1986e527996d94d5
1364,1986e0d3c2517f3d
1365,1986c6cf295c294f
1366,1986c5f4d739422d
1367,1986c5f4d739422d
1368,1986c5f4d739422d
1369,1986bff97913fd10
1370,1986bdc7ce447983
1371,1986bd57f469e360
1372,1986bd37dc53bbf7
1373,1986bcf33d1486fd
1374,1986bcee906f4d35
1375,1986bccf311a32ef
1376,1986bcae37ce2c37
1377,1986bb549d4ab8ed
1378,1986bac006e00197
1379,1986bac006e00197
1380,1986bac006e00197
1381,1986bac006e00197
1382,1986bac006e00197
1383,1986b92b0af90871
1384,1986b9294a0b0404
1385,1986b2533a5f4f9d
1386,1986ab7d99dc0f73
1387,198696c1d3c6b5e3
1388,19868228ea65206f
1389,1989b01354250038
1390,1989aa3fc302a9ca
1391,1989aa3fc302a9ca
1392,1989aa3fc302a9ca
1393,1989a8e21b4c33c3
1394,1989a8e21b4c33c3
1395,1989a8e21b4c33c3
1396,1989a8e21b4c33c3
1397,1989a8e21b4c33c3
1398,1989a58cdc2a45b3
1399,19899e4cfa11ea7a
1400,19899b775a0378f4
1401,198997cbd9c9114b
1402,1989958f753c44c9
1403,1989958f753c44c9
1404,198994c408eebd07
1405,198994c408eebd07
1406,198990fab18b78e6
1407,198990fab18b78e6
1408,19896f6f8b480a64
1409,19896f6f8b480a64
1410,19896f6f8b480a64
1411,19896e72aa6f315f
1412,19896b5e4470e827
1413,198959fd0b7c87a9
1414,19894f8c88a9bb8a
1415,19894c43a5966ea1
1416,19894c108fe84364
1417,198945ef2ea86e09
1418,19893e86411666ea
1419,19893e86411666ea
1420,19893b3e4205569f
1421,19890edd9b93ce2f
1422,19890ed1bfa34e93
1423,19890ec7adeadb53
1424,19890e0ca3b5bb38
1425,19890dc9b711648b
1426,198900dff643e80c
1427,1988fa5a5701bbf4
1428,1988fa5a5701bbf4
1429,1988fa5a5701bbf4
1430,1988f9f90bb83e47
1431,1988f9f657cfcd19
1432,1988f34b178e27c1
1433,1988f269914f446e
1434,1988f269914f446e
1435,1988f269914f446e
1436,1988ec2177e1aa4e
1437,1988eb7efdc8b5b4
1438,1988e8d5cffbf566
1439,1988bc14487ff73c
1440,1988b981da7f9577
1441,1988b533f0f1a778
1442,1988b533f0f1a778
1443,1988b533f0f1a778
1444,1988b533f0f1a778
1445,1988ae577334ef67
1446,1988a8a3628f951a
1447,1988a782733d1a58
1448,1988a6a7152690fd
1449,1988a0a7ae923318
1450,1988a09fa259a009
1451,1988a09fa259a009
1452,198899bbd93723f1
1453,19889461cd2632e9
1454,19889461cd2632e9
1455,19889461cd2632e9
1456,1988709143b2beda
1457,19886e8e4e142628
1458,198862cc7e05fa4f
1459,19885bf01327538e
1460,198857e58260ebd6
1461,1988562a571f170a
1462,198855680008ca52
1463,1988551c85099cd3
1464,1988527629e93855
1465,1988524e757ed618
1466,19884e3390fa2f96
1467,198832f40a97af3b
1468,19882bdd631a20c0
1469,198b4f104d4c0f25
1470,198b4f104d4c0f25
1471,198b46066ed568f0
1472,198b3ee378bde39e
1473,198b3b05e9b35a5d
1474,198b3adfa5d6995c
1475,198b3a0af6396477
1476,198b3a0af6396477
1477,198b39f2ffaca6a6
1478,198b385d0ae0d494
1479,198b385d0ae0d494
1480,198b33cb77204034
1481,198b2ce9b66650cf
1482,198af3a024a45c8a
1483,198af26433a3b287
1484,198af26433a3b287
1485,198af26433a3b287
1486,198af26433a3b287
1487,198af26433a3b287
1488,198af26433a3b287
1489,198ae8e4cdaa836b
1490,198ae8e4cdaa836b
1491,198ae8520e279a21
1492,198ae81c943e8215
1493,198ae6a5bca4ca3a
1494,198ae4838fa0f007
1495,198ae4838fa0f007
1496,198ae4838fa0f007
1497,198ae17f3a7effd3
1498,198ae17f3a7effd3
1499,198ada8e8f344fa1
1500,198ada8db4fd2111
1501,198aabf16bcb7768
1502,198aa82cfccc9a65
1503,198aa138674e18e8
1504,198a9f500eb86438
1505,198a9deb43c5eb1a
1506,198a9b8142d87bd0
1507,198a9b8142d87bd0
1508,198a9b8142d87bd0
1509,198a9b8142d87bd0
1510,198a99e973c2849e
1511,198a99e973c2849e
1512,198a9945c797dca1
1513,198a9945c797dca1
1514,198a977b07840464
1515,198a9622b29341ce
1516,198a8f03e918c266
1517,198a8823dc8edc29
1518,198a8823dc8edc29
1519,198a6ca7d4ae8e78
1520,198a65c7c9a7b365
1521,198a65c7c9a7b365
1522,198a5148f74afc44
1523,198a4de4c03bd06c
1524,198a4de4c03bd06c
1525,198a4de4c03bd06c
1526,198a4de4c03bd06c
1527,198a4de4c03bd06c
1528,198a49a81a977e02
1529,198a486c4bb94b6f
1530,198a45e066468919
1531,198a442d6fad9190
1532,198a42d556955d2a
1533,198a42a51ab4e943
1534,198a3846cc758f35
1535,198a35c123fd83d3
1536,198a35c123fd83d3
1537,198a305646452577
1538,198a30528d4bbaf6
1539,198a0e6728fda17a
1540,198a0dce86347ff8
1541,198a05a8800283b5
1542,198a04b8e4496df7
1543,1989fa9f16402c35
1544,1989fa9bd403c6bb
1545,1989f5ae42feafe1
1546,1989f5193de371f9
1547,1989f482c03ad4f9
1548,1989f410e3327a05
1549,1989f384aafcc1c3
1550,1989f384aafcc1c3
1551,1989f254a26562d8
1552,1989f24a96c29ef0
1553,1989f249dbe0c341
1554,1989f2494ef43f55
1555,1989f1389c0f3043
1556,1989eebd40f3ad2b
1557,1989eeb6dd5500c6
1558,1989ee01299ea370
1559,1989ea3acb1efd51
1560,1989e353da3506ea
1561,1989e353da3506ea
1562,1989ba2448a826a0
1563,198ce296f5cf8777
1564,198cda81118a7b92
1565,198cda81118a7b92
1566,198cd7f910610bfe
1567,198cd747398b27b0
1568,198cd6a854562038
1569,198cd617318a0d24
1570,198ccfd115ee3d6c
1571,198ccb5ad4a77047
1572,198ccaf357b5c151
1573,198cca355699ce11
1574,198cc95ae131c385
1575,198cc8c6e97eab45
1576,198cc8a08221a277
1577,198cc84e6c5d01af
1578,198ca5fe262a41a0
1579,198ca5fd1b193659
1580,198c93f503ae834b
1581,198c8fa954bf5159
1582,198c8fa954bf5159
1583,198c8fa954bf5159
1584,198c8fa954bf5159
1585,198c8fa954bf5159
1586,198c8b23b5fd0c08
1587,198c8ae219942420
1588,198c84123ca76cf7
1589,198c83825ab7d86d
1590,198c7d8f9cd48233
1591,198c7d8f9cd48233
1592,198c64a8d0d72417
1593,198c52aceb94b22b
1594,198c52a82c0eb96d
1595,198c4d519441e27e
1596,198c3c93ec58bdf1
1597,198c3523a7934248
1598,198c3523a7934248
1599,198c332dc046eceb
1600,198c3225fb806786
1601,198c31d7abe90240
1602,198c2afb90d75c3d
1603,198c2afb90d75c3d
1604,198c241df62b7b79
1605,198beaa18ef574ef
1606,198beaa18ef574ef
1607,198beaa18ef574ef
1608,198bea6e0493f1af
1609,198bea6e0493f1af
1610,198bea6e0493f1af
1611,198bea6e0493f1af
1612,198bea6e0493f1af
1613,198be6613fbaeef4
1614,198bdec5dd4293b1
1615,198bdea9a6a6465b
1616,198bde3f88eae742
1617,198bde3f88eae742
1618,198bde3f88eae742
1619,198bdc62c2756c2e
1620,198bd9717c11f1ae
1621,198bd8979efaf8a4
1622,198bd1bbd483193e
1623,198bd1bb940754f1
1624,198bbf54bd191a62
1625,198bbf54bd191a62
1626,198b9ac8182c226f
1627,198b9ac8182c226f
1628,198b986e35cfd5b9
1629,198b8d78e20d9f8b
1630,198b7f4ed090bdc3
1631,198b7f4ed090bdc3
1632,198b641fe369ae6a
1633,198b561c84631c42
1634,198e8a97a08652c0
1635,198e8a97a08652c0
1636,198e8a97a08652c0
1637,198e8a97a08652c0
1638,198e8a3a0ccbc2e5
1639,198e873a409bd68d
1640,198e7f39dd27895a
1641,198e78c9ecc99a67
1642,198e75f2c87b223f
1643,198e75f2c87b223f
1644,198e75f2c87b223f
1645,198e72b260a111b2
1646,198e72ae366a8760
1647,198e704b04df37dd
1648,198e6bc68596266b
1649,198e6afa426d5bd6
1650,198e6afa426d5bd6
1651,198e6afa426d5bd6
1652,198e6aefb93df985
1653,198e6aefb93df985
1654,198e6aefb93df985
1655,198e6a2d8770425c
1656,198e67f063368dba
1657,198e4cc9b6b591e3
1658,198e496aef8830e4
1659,198e48a1f6116402
1660,198e3d84aa05d692
1661,198e3d84aa05d692
1662,198e324a9049c865
1663,198e2dfbfe259188
1664,198e2b74ec7e9751
1665,198e2b74ec7e9751
1666,198e2b74ec7e9751
1667,198e2b74ec7e9751
1668,198e2b74ec7e9751
1669,198e2b74ec7e9751
1670,198e2ac57206b0de
1671,198e2ac57206b0de
1672,198e2a5acdd303a4
1673,198e2a5acdd303a4
1674,198e2a5acdd303a4
1675,198e2888b7d0598b
1676,198e2888b7d0598b
1677,198e2888b7d0598b
1678,198e271b85e6f76d
1679,198e24b7281b998d
1680,198e2458f0936e89
1681,198e205356cf6040
1682,198e1f1f854dec7c
1683,198e1f1f854dec7c
1684,198e1ef7ca6c84d4
1685,198e1d150f08d8da
1686,198e19736be18af1
1687,198e1972817fc1d7
1688,198e18ba86263827
1689,198e18ba86263827
1690,198e1881c8d53ec6
1691,198e1881c8d53ec6
1692,198e1881c8d53ec6
1693,198e187cf1084560
1694,198e187cf1084560
1695,198e187cf1084560
1696,198e0c38ce6959d4
1697,198dfdd9eb881466
1698,198de5495ab8c63f
1699,198dd15d934e8a51
1700,198dcdd9d746df6e
1701,198dcdd31d8ed998
1702,198dcca13e18a185
1703,198dcca13e18a185
1704,198dc75ffdcb3d78
1705,198dc75ffdcb3d78
1706,198dc75ffdcb3d78
1707,198dc75ffdcb3d78
1708,198dc713682827d1
1709,198dc6f62f279ce6
1710,198dc6f62f279ce6
1711,198da3ed9d39426f
1712,198d98d08e412973
1713,198d98d0112af312
1714,198d98cf6a775585
1715,198d98cf6a775585
1716,198d9882b4d2df57
1717,198d9869ece0651c
1718,198d983a064d0fee
1719,198d9834903c9645
1720,198d9005f321a92c
1721,198d892b862f2ded
1722,198d892b848f515f
1723,198d824ff2d5c9e4
1724,198d7b77cfdce89f
1725,198d7b0f0a22f992
1726,198d749cfc74bb34
1727,198d331b7bfc007c
1728,198d331b7bfc007c
1729,198d331b7bfc007c
1730,198d331b7bfc007c
1731,198d331b7bfc007c
1732,198d331b7bfc007c
1733,198d326f083da21f
1734,198d29a149f65d76
1735,198d291064ffde49
1736,198d260b65bc48d2
1737,198d224949918f58
1738,198d224949918f58
1739,198d1f564f730ea0
1740,198cf8f712bb4fc8
1741,19902333ac41b4b7
1742,19901c568847b090
1743,19901c568847b090
1744,19900ed0895b657c
1745,199007c1f53ac9f3
1746,199006f4a6247e48
1747,199006f4a6247e48
1748,199006f4a6247e48
1749,199006dee8b8ab26
1750,199006dee8b8ab26
1751,199006dee8b8ab26
1752,199006dee8b8ab26
1753,1990003da50e0916
1754,198ff93215991367
1755,198ff93215991367
1756,198ff93215991367
1757,198ff93215991367
1758,198fe41ec71a99c6
1759,198fe3378379d9ae
1760,198fd6e9e450777e
1761,198fd6e9e450777e
1762,198fd6e9e450777e
1763,198fd6e9e450777e
1764,198fc231cf04bd3c
1765,198fbc472f11def5
1766,198fbb7c73c90b07
1767,198fb568ed74967b
1768,198fb568ed74967b
1769,198fb49139c23bce
1770,198fb49139c23bce
1771,198fb49139c23bce
1772,198fb49139c23bce
1773,198fb47c03a4d735
1774,198fb47c03a4d735
1775,198fb47c03a4d735
1776,198fb47c03a4d735
1777,198fa6b8b92065eb
1778,198fa6b8b92065eb
1779,198fa6b8b92065eb
1780,198f91b940587c37
1781,198f909596e03137
1782,198f907e5c005407
1783,198f8569dd11ce12
1784,198f84712fe5eb39
1785,198f84712fe5eb39
1786,198f84712fe5eb39
1787,198f7dd6da34cd10
1788,198f7653c74f3908
1789,198f7653c74f3908
1790,198f7653c74f3908
1791,198f76086bf9a148
1792,198f76086bf9a148
1793,198f76086bf9a148
1794,198f740bfdd6fe80
1795,198f740bfdd6fe80
1796,198f740bfdd6fe80
1797,198f740bfdd6fe80
1798,198f740bfdd6fe80
1799,198f723e6e1ddb7e
1800,198f69d10f5c02ce
1801,198f69d10f5c02ce
1802,198f69b8ff363589
1803,198f63cfcc15f3c5
1804,198f62f89b581ed8
1805,198f6247d6d6c267
1806,198f6247d6d6c267
1807,198f6247d6d6c267
1808,198f62437fbeb2af
1809,198f62437fbeb2af
1810,198f62437fbeb2af
1811,198f62437fbeb2af
1812,198f6163ba7ce43f
1813,198f6163ba7ce43f
1814,198f6163ba7ce43f
1815,198f614ff5f241df
1816,198f54652c96ecb4
1817,198f54652c96ecb4
1818,198f54652c96ecb4
1819,198f3cd5369be670
1820,198f3c541291c124
1821,198f32293046e21a
1822,198f32293046e21a
1823,198f32293046e21a
1824,198f2a86f7590a1e
1825,198f2a7dc50e5b2d
1826,198f2a7dc50e5b2d
1827,198f2a7dc50e5b2d
1828,198f2a7361ac2dbb
1829,198f2a62c2dcb2d6
1830,198f2a62c2dcb2d6
1831,198f2a62c2dcb2d6
1832,198f2703dc43bbe4
1833,198f2703dc43bbe4
1834,198f2703dc43bbe4
1835,198f2703dc43bbe4
1836,198f269824e5d2c2
1837,198f260e48ebf73f
1838,198f2609954ea05f
1839,198f2552f29f1741
1840,198f2552f29f1741
1841,198f2505dbfda6b7
1842,198f236437c55f2b
1843,198f236437c55f2b
1844,198f1e526553d5d8
1845,198f1e526553d5d8
1846,198f1e526553d5d8
1847,198f1e526553d5d8
1848,198f1d67738e76a5
1849,198f1782311dba2c
1850,198f176ad3eb01df
1851,198f176ad3eb01df
1852,198f140e3057b20b
1853,198f110f288731e7
1854,198f1098dadaaa30
1855,198f0fe2847922ee
1856,198f0fe2847922ee
1857,198f0fe2847922ee
1858,198f0fcd37ae0bc4
1859,198f0fcd37ae0bc4
1860,198f0fcd37ae0bc4
1861,198f0dc4771dd55c
1862,198f096c32e32f33
1863,198f09330f6df91b
1864,198f03dc69f20605
1865,198f03dc69f20605
1866,198f03dc69f20605
1867,198eee364339a95b
1868,198ee96f35f50265
1869,198ee96f35f50265
1870,198ee96f35f50265
1871,198ee5a2678258ff
1872,198ee5a225e293b2
1873,198ee59ee3a19362
1874,198ee4fae3082f45
1875,198ee4fad641dffa
1876,198ee4cba6cd7a74
1877,198edfa9b0c23f66
1878,198edfa9b0c23f66
1879,198edfa9b0c23f66
1880,198ed9a12d1649da
1881,198ed1b3bcc2a026
1882,198ed1b3bcc2a026
1883,198ed1b3bcc2a026
1884,198ec50a93d4e2d5
1885,198ec4b68eff9308
1886,198ec4514c089a39
1887,198ebe3519252633
1888,198ebe3519252633
1889,198ebd650ae65658
1890,198ebd650ae65658
1891,198ebd650ae65658
1892,198ebd5902ba8721
1893,198ebd5902ba8721
1894,198ebd5902ba8721
1895,198ebd5902ba8721
1896,198e96657b26a073
1897,1991bdbf6417bc7c
1898,1991bdbf6417bc7c
1899,1991b858c9350e08
1900,1991b7bfb704d8f5
1901,1991b5c259906eb8
1902,1991b4bd11bda452
1903,1991b4bd11bda452
1904,1991b4bd11bda452
1905,1991b4bd11bda452
1906,1991b4bd11bda452
1907,1991b17e92b6dc68
1908,1991b17e92b6dc68
1909,1991b17abd46b649
1910,1991b097a3c95d81
1911,1991adca02888374
1912,1991aa9a012e34ef
1913,1991a9fed4460319
1914,1991a5ea8452cb05
1915,1991a3d01ea7b904
1916,1991a3cd6b89c05f
1917,1991a30b67daa3b3
1918,1991a30b67daa3b3
1919,1991a30b67daa3b3
1920,1991a30b67daa3b3
1921,1991a2de5df2a5df
1922,1991a2de5df2a5df
1923,1991a2de5df2a5df
1924,19919f92003ae947
1925,19919533ba6ebb8d
1926,19919533ba6ebb8d
1927,19919533ba6ebb8d
1928,19919186351aaa60
1929,199185dd5e56a19e
1930,19918146781f9fc5
1931,1991799008b0890e
1932,199172f0eccb0146
1933,199172f0eccb0146
1934,199172f0eccb0146
1935,19916cd1dbaef6eb
1936,19916c3ec6e58c62
1937,1991696650cf190a
1938,1991647b91c25ba8
1939,19915ebcc5e5267e
1940,19915ebcc5e5267e
1941,19915d3761d431af
1942,1991596f27fb6070
1943,19915960d567c383
1944,1991588964861701
1945,1991584785b4008c
1946,1991516548970b89
1947,1991516548970b89
1948,1991509c96565b9e
1949,1991509c96565b9e
1950,1991509c96565b9e
1951,199150934df3825f
1952,199150934df3825f
1953,199150934df3825f
1954,199142c7e40f403e
1955,199142c7e40f403e
1956,199142c7e40f403e
1957,19913096c4101177
1958,19912f6630248e7a
1959,19912db9058d50b9
1960,1991207224bda957
1961,1991207224bda957
1962,1991207224bda957
1963,1991207224bda957
1964,19911989535a4254
1965,1991161905364a15
1966,1991159b83b420d9
1967,19911160f1ae7281
1968,1991101df20f42a8
1969,1991101df20f42a8
1970,1991101df20f42a8
1971,1991101df20f42a8
1972,19910eb4b710aeb4
1973,19910ea21f64d68e
1974,19910e1279e7af57
1975,199107bc6bb0f8ee
1976,199107bc6bb0f8ee
1977,1991070639794de7
1978,1991070639794de7
1979,1991065c043c5e47
1980,199105d61c29af25
1981,199105d61c29af25
1982,1991059240147838
1983,19910546d2b89bb7
1984,1990ff013ecb37de
1985,1990ff013ecb37de
1986,1990ff013ecb37de
1987,1990fefc7ba3f689
1988,1990fe285aae5019
1989,1990fe285aae5019
1990,1990fe285aae5019
1991,1990fe1d14b3f157
1992,1990fe1d14b3f157
1993,1990fe1d14b3f157
1994,1990fe1d14b3f157
1995,1990fcab8f3e810f
1996,1990fa7f10e25d56
1997,1990f063a600b7b4
1998,1990f063a600b7b4
1999,1990f063a600b7b4
2000,1990e0d1616fcb6e
2001,1990db50b8e1ebbd
2002,1990ce28a45cb8fc
2003,1990ce28a45cb8fc
2004,1990ce28a45cb8fc
2005,1990ce28a45cb8fc
2006,1990cc722e08e8cb
2007,1990c7ffc0d970e4
2008,1990c44ac6d5c060
2009,1990bbf5b9e5ce17
2010,1990ba7d4446964e
2011,1990b62d8288d79a
2012,1990b36f1c47edf6
2013,1990b318dfcc83c6
2014,1990b1fc237fb236
2015,1990aee9ea220a37
2016,1990aee9ea220a37
2017,1990ad1a2a9a0a88
2018,1990ad135b3617e0
2019,1990ac93505101c7
2020,1990abd0bce4af47
2021,1990abd0bce4af47
2022,1990abd0bce4af47
2023,1990abaf1c166d75
2024,1990abaf1c166d75
2025,1990abaf1c166d75
2026,19909e05a66c317f
2027,19909e05a66c317f
2028,19909e05a66c317f
2029,1990911101880b55
2030,199088ea441c1d8f
2031,199087da9ed5f679
2032,199084ce52abce6f
2033,19907eb20462e7f3
2034,19907bc06b9822fc
2035,19907bc06b9822fc
2036,19907bc06b9822fc
2037,1990751608eeed5d
2038,199072b188b41287
2039,1990718ac3521d2a
2040,19906f2292280aeb
2041,19906b22ff8fa157
2042,19906b22ff8fa157
2043,19906b22ff8fa157
2044,19906b22ff8fa157
2045,19906b22ff8fa157
2046,199067e334a5c462
2047,19906686204aaaa2
2048,199065976bbe7098
2049,19905a2dba6d9e42
2050,1990594fd2b6581e
2051,1990594fd2b6581e
2052,1990594fd2b6581e
2053,199059496af69232
2054,199059496af69232
2055,199059496af69232
2056,19904b9681e1dadf
2057,19904b9681e1dadf
2058,19904b9681e1dadf
2059,1990356f2453927f
2060,199359cd78f21b87
2061,199359ca5ef4e988
2062,199359c9a9a89302
2063,19935738e24e5067
2064,199355c94425462a
2065,1993559f6812c4d0
2066,199355857ddf17d4
2067,199354e7415548be
2068,199354dc14f00e21
2069,199350cbb13b7315
2070,199350cbb13b7315
2071,199350cbb13b7315
2072,199350cbb13b7315
2073,199350cbb13b7315
2074,19934d8a6e0be5b1
2075,199346a68fe44fc0
2076,19934698e7f2b1ba
2077,199345f03b59bebd
2078,1993425d516ea6e5
2079,19933fdb23c4c5fa
2080,19933efae1d63dc6
2081,19933efae1d63dc6
2082,19933efae1d63dc6
2083,19933ee7539431e8
2084,19933ee7539431e8
2085,19933ee7539431e8
2086,19933b912bb77a90
2087,19933132ed9b22c7
2088,19933132ed9b22c7
2089,19933132ed9b22c7
2090,199325635becc4b8
2091,19931cc95a97e55f
2092,19931bce9981c7e8
2093,19931aa12b0597d0
2094,19931a0fcd261c1b
2095,1993125ec96525f1
2096,19930f1c93ca462e
2097,19930f1c93ca462e
2098,19930eda71927b6a
2099,19930eda71927b6a
2100,19930eda71927b6a
2101,199308c95f6eca6c
2102,199305b30df956db
2103,1993034edf23c750
2104,19930274ebee31ee
2105,1992ff21ed31e0cd
2106,1992f43d85f03d3a
2107,1992f43d85f03d3a
2108,1992f3d0ea9c79b8
2109,1992ed591cd4c059
2110,1992ecdab9383c94
2111,1992ec7a99e18faa
2112,1992ec7a99e18faa
2113,1992ec7a99e18faa
2114,1992ec7a99e18faa
2115,1992ec77dcc396a4
2116,1992ec77dcc396a4
2117,1992ec77dcc396a4
2118,1992e0a688c0e685
2119,1992decd4ca9323b
2120,1992decd4ca9323b
2121,1992decd4ca9323b
2122,1992decd4ca9323b
2123,1992d4a9234387c0
2124,1992cf5c671187a0
2125,1992ca9b80a30602
2126,1992c05379f84db4
2127,1992bc6d66d43871
2128,1992bc6d66d43871
2129,1992bc6d66d43871
2130,1992bc6d66d43871
2131,1992bc200340b3c9
2132,1992b3c552661420
2133,1992b3b5ca25c285
2134,1992b29d3d5e5b06
2135,1992b29d3d5e5b06
2136,1992b0844f994f45
2137,1992b0844f994f45
2138,1992b0844f994f45
2139,1992af86a9721e0c
2140,1992af86a9721e0c
2141,1992aed54fce2c33
2142,1992ae7fecefada9
2143,1992ac57657014a6
2144,1992ac57657014a6
2145,1992ac57657014a6
2146,1992ac57657014a6
2147,1992ac57657014a6
2148,1992a8ac11b1eae2
2149,1992a72c90922167
2150,1992a72c90922167
2151,1992a25d95f31e5e
2152,1992a1da45757bcb
2153,1992a16594b85a67
2154,1992a02e280061f7
2155,19929cb14bac1570
2156,19929c2c232e3aa6
2157,19929c2c232e3aa6
2158,19929c2c232e3aa6
2159,19929b03fc574e18
2160,19929adc47b59a94
2161,19929a18c27cfbfc
2162,19929a18c27cfbfc
2163,19929a18c27cfbfc
2164,19929a16f899f79b
2165,19929a16f899f79b
2166,19929a16f899f79b
2167,1992992c0647c6a5
2168,199298add159f08a
2169,1992970581a5279f
2170,19928c4dcc7fa92e
2171,19928c4dcc7fa92e
2172,19928c4dcc7fa92e
2173,19928241a526c862
2174,1992788cd6980d69
2175,19926a044325b745
2176,19926a044325b745
2177,19926a044325b745
2178,19926492b3f0f6d3
2179,19924f63c6f31971
2180,19924f5712e397d9
2181,1992489a833d97ff
2182,1992489a833d97ff
2183,199247bbb3b4e932
2184,199247bbb3b4e932
2185,199247bbb3b4e932
2186,199247bbb3b4e932
2187,199247ab6916b85a
2188,199247ab6916b85a
2189,199247ab6916b85a
2190,199239e80e0dbb67
2191,199239e80e0dbb67
2192,199239e80e0dbb67
2193,199239e80e0dbb67
2194,1992396b9847f706
2195,19922d111e46ae38
2196,199223f187bc5866
2197,19922328140c20e1
2198,19921d13e7a55645
2199,1992179abb03d945
2200,1992179abb03d945
2201,1992179abb03d945
2202,19920ab90eea13af
2203,199203e059dd1270
2204,1992004017b38355
2205,1991ffeef18f39e7
2206,1991ffbad436c493
2207,1991ff187e8ed28b
2208,1991ff122b662dda
2209,1991fd2c5b9fb7f3
2210,1991fccf31240d42
2211,1991f6327d25ed64
2212,1991f54c40cf2705
2213,1991f54c40cf2705
2214,1991f54c40cf2705
2215,1991f549fb3bc141
2216,1991f549fb3bc141
2217,1991f549fb3bc141
2218,1991e79d2aebe39c
2219,1991e79d2aebe39c
2220,1991e79d2aebe39c
2221,1994f3c71a7f9d9e
2222,1994f2fc0628aae2
2223,1994f2fc0628aae2
2224,1994edf879f99700
2225,1994ece5132fc77a
2226,1994ece5132fc77a
2227,1994ece5132fc77a
2228,1994ece5132fc77a
2229,1994ece5132fc77a
2230,1994ebb144ba45a7
2231,1994eb131c6e31e4
2232,1994eb131c6e31e4
2233,1994eb131c6e31e4
2234,1994ea051dc6bbec
2235,1994ea051dc6bbec
2236,1994e97f6d828ef7
2237,1994e29e6486c251
2238,1994e291b5ccc373
2239,1994dbc09ca66081
2240,1994dafeefb39ff2
2241,1994dafeefb39ff2
2242,1994dafeefb39ff2
2243,1994daddbdc423b8
2244,1994daddbdc423b8
2245,1994daddbdc423b8
2246,1994daddbdc423b8
2247,1994cd30cacb019b
2248,1994cd30cacb019b
2249,1994cd30cacb019b
2250,1994b70765371de0
2251,1994aadcf35e2815
2252,1994aadcf35e2815
2253,1994aadcf35e2815
2254,1994aadcf35e2815
2255,19949039f316ade1
2256,199490007dff7f40
2257,19948cb18f7e1f2e
2258,199489811a250be5
2259,19948871720e0a4b
2260,19948871720e0a4b
2261,19948871720e0a4b
2262,19948871720e0a4b
2263,199488702c0e840f
2264,199488702c0e840f
2265,199488702c0e840f
2266,199488702c0e840f
2267,19947ac6cb94364c
2268,19947ac6cb94364c
2269,19947ac6cb94364c
2270,199465b0ebba6484
2271,199464b4b6df54b4
2272,19945f965b76d874
2273,1994587aa9b7e482
2274,1994587aa9b7e482
2275,1994587aa9b7e482
2276,1994587aa9b7e482
2277,19944b819a53d396
2278,199444b801b58bb5
2279,19943dd18dd7c043
2280,19943dcd53f6b826
2281,199436e83cd13e8e
2282,19943611ecf76f92
2283,19943611ecf76f92
2284,19943611ecf76f92
2285,19943611ecf76f92
2286,1994360d96a08816
2287,1994360d96a08816
2288,1994360d96a08816
2289,19942863f5af291a
2290,19942863f5af291a
2291,19942863f5af291a
2292,19941ca4846bd401
2293,199406d7acf97755
2294,1994061000ff215b
2295,1994061000ff215b
2296,1994061000ff215b
2297,1994061000ff215b
2298,1993f92cbcb5e0e9
2299,1993f587866e26ae
2300,1993f587866e26ae
2301,1993f587866e26ae
2302,1993f243a16d5fad
2303,1993ebcb7d8f88bd
2304,1993eb69e1681839
2305,1993eaae1cbd8b40
2306,1993e7d8acc41074
2307,1993e48bd17346ec
2308,1993e3cecbe2ba14
2309,1993e3cecbe2ba14
2310,1993e3cecbe2ba14
2311,1993e3cecbe2ba14
2312,1993e3b2a65615d0
2313,1993e3b2a65615d0
2314,1993e3b2a65615d0
2315,1993e0d2ba39537f
2316,1993d5e884134fce
2317,1993d5e884134fce
2318,1993d5e884134fce
2319,1993c7ad8b3b240c
2320,1993b3a53257a9f0
2321,1993b3a53257a9f0
2322,1993b3a53257a9f0
2323,1993ad7509481505
2324,1993ad7509481505
2325,1993a6b59a2b49d0
2326,19939fe1edd0744e
2327,19939c66fa493697
2328,19939a16db228047
2329,199398fe72c735ab
2330,199395f237b3863f
2331,19939550780b74d0
2332,19939229c17f8b47
2333,1993916a8bee56a9
2334,1993916a8bee56a9
2335,1993916a8bee56a9
2336,1993916a8bee56a9
2337,1993914f5f65ea7e
2338,1993914f5f65ea7e
2339,1993914f5f65ea7e
2340,1993837f85d7d02f
2341,1993837f85d7d02f
2342,1993837f85d7d02f
2343,1993837f85d7d02f
2344,19937908dc60de2e
2345,19937465df1f61d2
2346,19937141bb5a042a
2347,199366fffe963d13
2348,199366462eea4e6d
2349,1993614f2f0ae555
2350,1993614f2f0ae555
2351,1993614f2f0ae555
2352,19968570ea467d98
2353,1996821fbfe2b5de
2354,1996821fbfe2b5de
2355,1996821fbfe2b5de
2356,19967e9df1b4bfcb
2357,19967e7f5b39712d
2358,199677d799aa5a22
2359,199676dcabadfc3e
2360,199676dcabadfc3e
2361,199676dcabadfc3e
2362,199676d45f15129e
2363,199676d45f15129e
2364,199676d45f15129e
2365,199669125db89a6b
2366,199669125db89a6b
2367,199669125db89a6b
2368,199659bd6e9be721
2369,199646ca39059a0e
2370,199646ca39059a0e
2371,199646ca39059a0e
2372,199636653eb24b9b
2373,199636653eb24b9b
2374,199636653eb24b9b
2375,199636653eb24b9b
2376,199636653eb24b9b
2377,1996337df7fe28bd
2378,199633364b2dc312
2379,19962c3b86536917
2380,19962bb5b78abad5
2381,19962b1feca573be
2382,19962a2d5b25e4f4
2383,1996256554cb7e07
2384,1996249262573bbe
2385,1996249262573bbe
2386,1996249262573bbe
2387,199624711f7da4ba
2388,199624711f7da4ba
2389,199624711f7da4ba
2390,199621139162b4ee
2391,19961e137a81494a
2392,199616c7c97e9dbf
2393,199616c7c97e9dbf
2394,199616c7c97e9dbf
2395,1996074cf5b74ff2
2396,199602f6add46a84
2397,1995fe54d81b359d
2398,1995f7ebfcc554fa
2399,1995f7ebfcc554fa
2400,1995f7ebfcc554fa
2401,1995f7ebfcc554fa
2402,1995f7ebfcc554fa
2403,1995f539ec77411a
2404,1995f47d921070d7
2405,1995f47d921070d7
2406,1995f47d921070d7
2407,1995e80db69b6116
2408,1995e780158d25c6
2409,1995e736f81ccaa9
2410,1995e0a41699cc35
2411,1995d9d8313c3fd8
2412,1995d99ec302c83c
2413,1995d30321264ea0
2414,1995d2233cbd616e
2415,1995d2233cbd616e
2416,1995d2233cbd616e
2417,1995d2211c7c597c
2418,1995d2211c7c597c
2419,1995d2211c7c597c
2420,1995c4494121460c
2421,1995c4494121460c
2422,1995c4494121460c
2423,1995b9a4fcec813f
2424,1995b4da3efe015b
2425,1995b4da2abd2e09
2426,1995a205876cd44d
2427,1995a205876cd44d
2428,1995a205876cd44d
2429,19959c04a74fdc41
2430,199599655595ce01
2431,199591c3ec5070f9
2432,199591c3ec5070f9
2433,199591c3ec5070f9
2434,199591c3ec5070f9
2435,199591c3ec5070f9
2436,199591c3ec5070f9
2437,19958f1ce0aa24b9
2438,19958f1ce0aa24b9
2439,19958e4689b850ff
2440,199587855ad02ffe
2441,19958733096993b7
2442,199586a9b6785cb9
2443,199583fe95cea984
2444,199583ddbdce0d0c
2445,199583ddbdce0d0c
2446,199583ddbdce0d0c
2447,1995834b32be87a7
2448,1995808d099bfad1
2449,19957fc87e7915ee
2450,19957fc87e7915ee
2451,19957fc87e7915ee
2452,19957fbd5558a63b
2453,19957fbd5558a63b
2454,19957fbd5558a63b
2455,199571e281639d7a
2456,199571e281639d7a
2457,199571e281639d7a
2458,1995657e4a492e04
2459,1995625fe9466c15
2460,1995549db2ff4b32
2461,19954f9f033ed70c
2462,19954f9f033ed70c
2463,19954f9f033ed70c
2464,199542b402a391b0
2465,199539e035cf426c
2466,199534a9df039d7e
2467,1995317d33336082
2468,19952e1c50f30d23
2469,19952d5c47e1c580
2470,19952d5c47e1c580
2471,19952d5c47e1c580
2472,19952d57679534ce
2473,19952d57679534ce
2474,19952d57679534ce
2475,19952b6293b7dfeb
2476,19952b6293b7dfeb
2477,19952b530074822d
2478,199522ff214e52f4
2479,19951f7c5ce6c083
2480,19951f7c5ce6c083
2481,19951f7c5ce6c083
2482,19951911e439f7cf
2483,1995121cff1c0f59
2484,1994fd3b86f265ed
2485,1994fd3b86f265ed
2486,1994fd3b86f265ed
2487,1998322f241eef6a
2488,19982c833112a5f3
2489,19982ae2d7c37bc3
2490,19982172978ee52b
2491,19981d7e326e58fa
2492,19981d7e326e58fa
2493,19981d7e326e58fa
2494,19981d7e326e58fa
2495,19981d7e326e58fa
2496,19981ace190c42da
2497,19981aaaad9c9b6c
2498,19981aaaad9c9b6c
2499,19981a942329083a
2500,199813b647e54308
2501,199812e294059e76
2502,199812e294059e76
2503,199812e294059e76
2504,199812e29066523f
2505,199812e29066523f
2506,199812e29066523f
2507,19980f80bd05d0fd
2508,19980cd159a0c621
2509,19980cd159a0c621
2510,1998052bdf7434d4
2511,1998052bdf7434d4
2512,1998052bdf7434d4
2513,1997f6d3dc29dbb6
2514,1997e9a75b39f4a7
2515,1997e2de45059c8a
2516,1997e2de45059c8a
2517,1997e2de45059c8a
2518,1997dad1dbdc2092
2519,1997da2a65dbc1dd
2520,1997da04f3141542
2521,1997d7e419b79ef4
2522,1997d7e419b79ef4
2523,1997d7e419b79ef4
2524,1997d7e419b79ef4
2525,1997d5e6ba9921fe
2526,1997d27bf69b49f7
2527,1997d27bf69b49f7
2528,1997d27bf69b49f7
2529,1997d27bf69b49f7
2530,1997d27bf69b49f7
2531,1997d27bf69b49f7
2532,1997d0c3883bc271
2533,1997cf166c2dc5fb
2534,1997c855fa15b797
2535,1997c7e19eff8198
2536,1997c7649b4ed797
2537,1997c4061f302039
2538,1997c404ff450c34
2539,1997c19d92f06453
2540,1997c19d92f06453
2541,1997c1707032e0d8
2542,1997c0830e417d34
2543,1997c0830e417d34
2544,1997c0830e417d34
2545,1997c07da4691faa
2546,1997c07da4691faa
2547,1997c07da4691faa
2548,1997bd0d0b3169a9
2549,1997b2aa08c7818d
2550,1997b2aa08c7818d
2551,1997b2aa08c7818d
2552,1997a38198ea4a7a
2553,1997906548389a51
2554,1997906548389a51
2555,1997906548389a51
2556,199776cd1406288d
2557,199776cd1406288d
2558,199775c0c05948a5
2559,199775a5880e7e14
2560,1997758f1f4adae7
2561,1997742274fb820b
2562,199772a5d56e2703
2563,19976eec9a3be041
2564,19976e2de724de8d
2565,19976e2de724de8d
2566,19976e2de724de8d
2567,19976e25fae179b7
2568,19976e25fae179b7
2569,19976e25fae179b7
2570,1997677ce39f500a
2571,199760449567cca0
2572,199760449567cca0
2573,199760449567cca0
2574,19975726cff4d2f4
2575,1997510b3b845d6f
2576,19974cffd7d4ff8a
2577,199746fb8ed565d6
2578,199746d7720e55c3
2579,1997462ee876f6fb
2580,199745e0cee7e822
2581,19973e0615070dde
2582,19973e0615070dde
2583,19973e0615070dde
2584,1997303dc93a571c
2585,1997303dc93a571c
2586,19972e2660bdeeb9
2587,19972e2660bdeeb9
2588,19972e2660bdeeb9
2589,19972971bd9e90f8
2590,19972376f7e179bf
2591,1997233708a64ce2
2592,1997233708a64ce2
2593,199722cff3fb9ec0
2594,199721800ae6e2c9
2595,1997210dee39ce7e
2596,19971ed1fa92f7ff
2597,19971c89de9c4f9e
2598,19971bbed082589b
2599,19971bbed082589b
2600,19971bbed082589b
2601,19971b9f2e09fbba
2602,19971b9f2e09fbba
2603,19971b9f2e09fbba
2604,19970ddeaa9f9182
2605,19970ddeaa9f9182
2606,19970ddeaa9f9182
2607,1996fe96c9afea2a
2608,1996fa140b70618d
2609,1996eb92bda04f40
2610,1996eb92bda04f40
2611,1996eb92bda04f40
2612,1996deb00dc659f0
2613,1996dcf80ae67f9a
2614,1996d99154655e4b
2615,1996d7d6e2047b40
2616,1996d0f34d193e21
2617,1996d07df8d3f83f
2618,1996ca320cdaa0c9
2619,1996c9498afd086f
2620,1996c9498afd086f
2621,1996c9498afd086f
2622,1996c93f120cbefe
2623,1996c93f120cbefe
2624,1996c93f120cbefe
2625,1996bb8e5f9ca4c1
2626,1996bb8e5f9ca4c1
2627,1996bb8e5f9ca4c1
2628,1996ad5e7e6e91e3
2629,1996a7ca15517568
2630,1996992b8bbd1e1e
2631,1996992b8bbd1e1e
2632,1996992b8bbd1e1e
2633,1999c662e43002b2
2634,1999c52c408343bd
2635,1999c442c1bde3ef
2636,1999c06ca4186f88
2637,1999c06ca4186f88
2638,1999c06ca4186f88
2639,1999b68a7c69c26e
2640,1999b5d4e0515f53
2641,1999afc8c56cd59e
2642,1999af7752e54c44
2643,1999aeddc55c3e21
2644,1999aeddc55c3e21
2645,1999aeddc55c3e21
2646,1999aecadab81ec5
2647,1999aecadab81ec5
2648,1999aecadab81ec5
2649,1999a11fb13b84dd
2650,1999a11fb13b84dd
2651,1999a11fb13b84dd
2652,19999749e98df726
2653,19997ecdd4f97696
2654,19997ecdd4f97696
2655,19997ecdd4f97696
2656,19997ab1f9b078b4
2657,19996f50374d0f7d
2658,19996f50374d0f7d
2659,19996f24ba37bd2e
2660,19996f24ba37bd2e
2661,19996f24ba37bd2e
2662,19996f24ba37bd2e
2663,19996ee9a8fbd815
2664,19996ee9a8fbd815
2665,19996ee9a8fbd815
2666,19996d3f2d83e49b
2667,19996bdc54cf6993
2668,19996a9c3bc63dba
2669,19996a57b36f314c
2670,1999686d7e0d2941
2671,19996637a1caa8d6
2672,1999643282de07db
2673,1999640f36544847
2674,1999640f36544847
2675,199963949541d3b4
2676,199961b43071a0c1
2677,19995e13b58bf1c6
2678,19995d52d922233e
2679,19995c7d4a3c462b
2680,19995c7d4a3c462b
2681,19995c7d4a3c462b
2682,19995c6592626c72
2683,19995c6592626c72
2684,19995c6592626c72
2685,19995923e72550e5
2686,1999587c5c7bc94b
2687,19995621c6fdd0bb
2688,19994eb9a50aaaf7
2689,19994eb9a50aaaf7
2690,19994eb9a50aaaf7
2691,19993f8b972dfa6c
2692,19993d540fe8b235
2693,199939a7a96ba02c
2694,19992c6d5be9794a
2695,19992c6d5be9794a
2696,19992c6d5be9794a
2697,1999189b1d5ab3f2
2698,199911c69e1926e2
2699,19990af01450e554
2700,19990a1fae973df1
2701,19990a1fae973df1
2702,19990a1fae973df1
2703,19990a12f1a9da4d
2704,19990a12f1a9da4d
2705,19990a12f1a9da4d
2706,199909fd0bf76a1a
2707,199909fd0bf76a1a
2708,199909fd0bf76a1a
2709,1998fc5678c7a086
2710,1998fc5678c7a086
2711,1998fc5678c7a086
2712,1998e67f546a2e91
2713,1998e1ad88b54f69
2714,1998d9f4ce4e9255
2715,1998d9f4ce4e9255
2716,1998d9f4ce4e9255
2717,1998d9462a5d4403
2718,1998d9462a5d4403
2719,1998cde5cdab342e
2720,1998c873d619992f
2721,1998c0652bda7c62
2722,1998bf7324fac313
2723,1998bef122e5a8fa
2724,1998be9cebf60534
2725,1998bb0afe459c26
2726,1998ba1dad50de7a
2727,1998b8819a1ded16
2728,1998b7aec64ea2e5
2729,1998b7aec64ea2e5
2730,1998b7aec64ea2e5
2731,1998b79c15fe96f5
2732,1998b79c15fe96f5
2733,1998b79c15fe96f5
2734,1998b3ce728ceac0
2735,1998a9d9a181576b
2736,1998a9d9a181576b
2737,1998a9d9a181576b
2738,19989d3ee711109c
2739,19988ba268806b4c
2740,199887ab7886a3a2
2741,199887ab7886a3a2
2742,199887ab7886a3a2
2743,19987f8503b8df8c
2744,1998770b3ecf279a
2745,1998770b3ecf279a
2746,1998770b3ecf279a
2747,1998770b3ecf279a
2748,1998760e799cacc1
2749,1998752966280b74
2750,199873eadb5c9b46
2751,19986d1465368c24
2752,19986d015637aaa6
2753,19986cab9726e60b
2754,19986b651417e319
2755,1998662c118c7a70
2756,1998654ddb2df0e5
2757,1998654ddb2df0e5
2758,1998654ddb2df0e5
2759,19986546787b2420
2760,19986546787b2420
2761,19986546787b2420
2762,199864b9d7fc603d
2763,1998577420b2778b
2764,1998577420b2778b
2765,1998577420b2778b
2766,199847bae363b63b
2767,199835439afb80c2
2768,199835439afb80c2
2769,199835439afb80c2
